{
  "loss": 0.6471631526947021,
  "accuracy": 0.5997023582458496,
  "val_loss": 0.5114260911941528,
  "val_accuracy": 0.8018292784690857,
  "epoch": 0,
  "global_step": 21
}