{
  "loss": 0.4386041760444641,
  "accuracy": 0.8095238208770752,
  "val_loss": 0.43450677394866943,
  "val_accuracy": 0.7957317233085632,
  "epoch": 0,
  "global_step": 21
}