{
  "loss": 0.6077370643615723,
  "accuracy": 0.675595223903656,
  "val_loss": 0.5074501037597656,
  "val_accuracy": 0.7652438879013062,
  "epoch": 0,
  "global_step": 21
}