{
  "loss": 1.1718472242355347,
  "accuracy": 0.43448734283447266,
  "val_loss": 1.126259207725525,
  "val_accuracy": 0.4606249928474426,
  "epoch": 0,
  "global_step": 189
}