{
  "loss": 2.6847662925720215,
  "val_loss": 0.4542858302593231,
  "epoch": 0,
  "global_step": 1
}