product_id,image_f0,text_f1,image_f1,text_f0
B00N2E1UF0,0.7901694774627686,-0.37866848707199097,0.2849031686782837,0.13165096938610077
B0026RHYO8,,,,
B00BU1WMM0,,,,
