product_id,text_f1,image_f0,text_f0,image_f1
B00N2E1UF0,-0.37866848707199097,0.7901694774627686,0.13165096938610077,0.2849031686782837
B0026RHYO8,,,,
B00BU1WMM0,,,,
