{
  "loss": 1.422989010810852,
  "accuracy": 0.3665727972984314,
  "val_loss": 1.323014259338379,
  "val_accuracy": 0.32875001430511475,
  "epoch": 0,
  "global_step": 189
}