{
  "loss": 1.1672793626785278,
  "accuracy": 0.43630942702293396,
  "val_loss": 1.1470129489898682,
  "val_accuracy": 0.42375001311302185,
  "epoch": 0,
  "global_step": 189
}