{
  "loss": 1.1698460578918457,
  "accuracy": 0.43415603041648865,
  "val_loss": 1.1365420818328857,
  "val_accuracy": 0.4350000023841858,
  "epoch": 0,
  "global_step": 189
}