{
  "loss": -72406256.0,
  "accuracy": 0.0438302606344223,
  "val_loss": -82401488.0,
  "val_accuracy": 0.0440848208963871,
  "epoch": 9,
  "global_step": 2240
}