{
  "loss": -46192656.0,
  "accuracy": 0.0438302606344223,
  "val_loss": -50499476.0,
  "val_accuracy": 0.0440848208963871,
  "epoch": 14,
  "global_step": 1680
}