{
  "loss": 1.1700681447982788,
  "accuracy": 0.44011926651000977,
  "val_loss": 1.126275658607483,
  "val_accuracy": 0.4543749988079071,
  "epoch": 0,
  "global_step": 189
}