{
  "loss": 1.1668529510498047,
  "accuracy": 0.4366407096385956,
  "val_loss": 1.1333659887313843,
  "val_accuracy": 0.4625000059604645,
  "epoch": 0,
  "global_step": 189
}