{
  "loss": 0.6009852290153503,
  "accuracy": 0.65625,
  "val_loss": 0.5085671544075012,
  "val_accuracy": 0.7439024448394775,
  "epoch": 0,
  "global_step": 21
}